Date,Open,High,Low,Close,Volume
2019-04-25,241.032629,241.327892,239.95,239.95,225
2019-04-26,239.9,241.9,239.9,241.9,547
2019-04-29,239.9,242.9,239.8,242.9,205
2019-04-30,242.8,245,241.9,245,494
2019-05-02,243.8,243.8,238.6,238.6,869
2019-05-03,238.8,242.1,238.4,241.2,841
2019-05-06,237.9,241,237.4,240.5,1687
2019-05-07,240.7,241.1,236.2,236.2,1156
2019-05-08,236.7,238.4,236.7,238.2,1134
2019-05-09,237.5,238.3,235.8,235.9,413
2019-05-10,236.9,236.9,235,235.2,503
2019-05-13,235.8,235.9,233.7,235.7,789
2019-05-14,236,237.1,235.5,236.7,482
2019-05-15,237.2,239.8,236,239.8,296
2019-05-16,240,244.5,239.2,244.5,683
2019-05-17,244.7,244.7,242.7,243.5,1108
2019-05-20,243.8,243.8,238.9,241.1,884
2019-05-21,240.7,242.5,240.7,241.3,536
2019-05-22,242.1,243.6,241.4,243,754
2019-05-23,242.5,242.7,241.3,242.2,265
2019-05-24,243.2,244,242.5,243.3,252
2019-05-27,245,245,243.2,244.1,235
2019-05-28,245.2,245.2,242.7,244.4,225
2019-05-29,241.2,241.2,239.3,240.3,356
2019-05-30,239.3,242.2,239.3,241.8,79
2019-05-31,240.4,240.5,238.6,240.5,462
2019-06-03,239.7,241.6,239.7,240.5,359
2019-06-04,240.4,242.5,238.3,239.8,753
2019-06-05,238.8,242.1,238.8,242.1,211
2019-06-06,244,244.5,241.9,242,488
2019-06-07,243.3,246,243.3,245.1,384
2019-06-11,245,246.4,244.8,245.6,1640
2019-06-12,246.7,247.8,246.7,247.1,203
2019-06-13,246.3,248.4,246.3,248.4,734
2019-06-14,245.5,248,245.5,248,99
2019-06-17,247.4,250.1,247.4,249.3,399
2019-06-18,254.2,255.3,252.9,253,346
2019-06-19,251.6,254.2,251.4,254.2,147
2019-06-20,256.5,256.5,254.8,255.7,130
2019-06-21,256,256.5,254,255.3,180
2019-06-24,255.1,255.8,254.9,255.4,742
2019-06-25,255.4,256,254.1,254.1,413
2019-06-26,253.5,253.6,249.9,249.9,371
2019-06-27,249.3,249.3,246.6,248,659
2019-06-28,248.2,250.5,247.7,250.5,169
2019-07-01,251.9,251.9,249.4,249.4,299
2019-07-02,250.5,254.1,250.5,254.1,508
2019-07-03,254.8,257.8,254.2,257,698
2019-07-04,256.4,256.4,252.5,252.5,613
2019-07-05,255.3,255.4,252.3,252.9,556
2019-07-08,253.3,254.6,252.8,254.6,729
2019-07-09,253.6,257,253.6,257,170
2019-07-10,252.2,254.7,250.7,253.7,905
2019-07-11,253.3,253.3,251,251.4,61
2019-07-12,250.9,252.4,250.8,252.4,579
2019-07-15,251.9,251.9,249.5,250.5,238
2019-07-16,250,252.6,249.7,251.3,561
2019-07-17,252.3,252.7,251.3,251.6,298
2019-07-18,250.6,252,249.3,250.6,219
2019-07-19,251.8,251.8,247.9,247.9,522
2019-07-22,248.9,250.6,248.2,250.3,888
2019-07-23,250.1,251.5,250.1,250.3,546
2019-07-24,249.9,250.2,247.2,247.2,164
2019-07-25,248.2,251,246.9,248.1,775
2019-07-26,248.2,250,248.2,249.1,1704
2019-07-29,248.8,252,248.8,251.1,515
2019-07-30,251.2,251.2,247.3,247.3,203
2019-07-31,240.5,242.1,235.6,242,1467
2019-08-01,240.4,245.2,240.4,245.2,7143
2019-08-02,242.1,242.5,237.5,237.6,1385
2019-08-05,235.6,235.6,230.3,230.3,2306
2019-08-06,229.4,231.5,228.6,231.2,2521
2019-08-07,229.7,235,229.7,233,655
2019-08-08,235,238,235,238,515
2019-08-09,238.2,238.8,232.6,232.6,1203
2019-08-12,235,235.2,232,234.6,2125
2019-08-13,234.3,234.3,229.9,233.8,622
2019-08-14,234.5,234.5,229.4,229.6,485
2019-08-15,230.5,230.5,226.7,230.4,949
2019-08-16,231.3,233.2,231,233.2,1821
2019-08-19,234.1,238.2,233.6,237.7,673
2019-08-20,237.8,238.9,235.8,236.4,1810
2019-08-21,237.6,241.3,237.6,241.2,887
2019-08-22,240.1,240.1,237.8,238.3,428
2019-08-23,238.3,240,236.1,236.1,223
2019-08-26,235.4,238.7,235,238.7,1329
2019-08-27,237,244.9,236.5,244.9,267
2019-08-28,247,247.1,245.8,246.4,450
2019-08-29,247.4,250.4,247.4,249.3,1379
2019-08-30,247.3,249.5,247.2,248.6,776
2019-09-02,249.3,252.3,249.3,251.2,527
2019-09-03,250.6,253.1,250.6,253.1,328
2019-09-04,254.2,255,253.5,254.8,189
2019-09-05,255.4,255.4,250.7,250.7,711
2019-09-06,251.2,260,250.8,260,370
2019-09-09,251.5,251.6,248.7,249.3,254
2019-09-10,248,248.9,247.1,248.1,430
2019-09-11,248.5,249.2,246.4,248,316
2019-09-12,248.7,250.8,247.2,249.8,401
2019-09-13,248.6,248.6,244,244.4,228
2019-09-16,243.6,246,242.2,242.2,538
2019-09-17,241.9,246.3,241.9,246.3,270
2019-09-18,246.4,247.8,245.5,247,1180
2019-09-19,247.2,249.1,247.2,247.4,243
2019-09-20,246.9,248.9,245,248.9,1400
2019-09-23,247.8,248,246.3,246.3,463
2019-09-24,248.6,249.2,248.6,248.8,402
2019-09-25,248.4,248.7,246.3,246.3,510
2019-09-26,245.4,251.8,245.4,251.4,622
2019-09-27,253.2,253.3,251.5,253.3,413
2019-09-30,252.8,257.3,252.6,257,276
2019-10-01,258.3,258.3,249.9,250,441
2019-10-02,250.2,250.2,240,240.6,1389
2019-10-04,244.1,246.4,243,244.6,669
2019-10-07,246,248.1,246,248.1,237
2019-10-08,246.7,246.7,244.7,245.3,261
2019-10-09,245.7,249.9,245.7,247.7,770
2019-10-10,246,246,242.7,245.3,412
2019-10-11,243,244,242.3,243.3,596
2019-10-14,243,243.9,242.5,243.9,418
2019-10-15,245,245,242.6,244,1114
2019-10-16,247.3,247.6,245.4,245.4,466
2019-10-17,244.3,246.1,244.2,244.2,335
2019-10-18,243.9,243.9,240,240.5,782
2019-10-21,240.4,240.4,237.7,237.7,611
2019-10-22,237.4,239.2,236,239.2,864
2019-10-23,238.1,239.2,236.4,239.2,243
2019-10-24,240.1,241.7,239.2,241.7,854
2019-10-25,239.1,243.3,239,243.3,313
2019-10-28,241.7,243.7,240.8,242.9,354
2019-10-29,242.3,244.6,241.7,244.6,745
2019-10-30,259.2,265,257.6,263,3187
2019-10-31,265.5,266.4,261.9,261.9,3004
2019-11-01,262.8,264,259.5,259.9,634
2019-11-04,260.4,262,258.8,260.4,435
2019-11-05,260.1,263.2,260.1,263.2,808
2019-11-06,262.4,265,261.6,264.8,684
2019-11-07,263.2,263.7,261.5,263.7,1633
2019-11-08,263.6,264.2,263,264.2,168
2019-11-11,263.9,264.1,262.9,262.9,259
2019-11-12,263.1,263.1,261.5,261.5,343
2019-11-13,261.3,262.6,261.3,262.1,434
2019-11-14,263,263,260.4,261.3,1001
2019-11-15,263.7,263.7,260,261.4,451
2019-11-18,260.1,262.2,260,262.2,161
2019-11-19,262.2,262.3,260.7,260.7,269
2019-11-20,259.9,260.1,258.2,258.5,333
2019-11-21,257.6,257.7,255,255.5,765
2019-11-22,256,256.3,255.1,255.4,652
2019-11-25,255.2,255.7,254,254,245
2019-11-26,255.2,258.3,254.6,257.5,182
2019-11-27,257.6,258.3,257.1,257.8,309
2019-11-28,256.7,257.5,255.8,256.1,527
2019-11-29,258.7,259.4,258.7,258.8,149
2019-12-02,257.9,259.4,251.6,251.6,754
2019-12-03,249.4,252.9,248.9,251,597
2019-12-04,252.5,254.9,252.5,253.1,635
2019-12-05,253.3,253.9,251.1,251.1,575
2019-12-06,252.7,256.6,252.6,256.6,339
2019-12-09,255.8,255.8,254,254,271
2019-12-10,251,255.9,250.4,255.4,628
2019-12-11,253.2,254.9,253.2,254.4,89
2019-12-12,255.4,256.2,255.4,256.2,16
2019-12-13,257.3,258,255.6,256.3,1094
2019-12-16,258.4,262.7,258.4,261.3,711
2019-12-17,260.8,261.2,256.2,256.2,554
2019-12-18,256,258.6,255.9,255.9,1179
2019-12-19,257.1,259,257.1,259,388
2019-12-20,259.3,265.1,259.3,264.6,806
2019-12-23,264.7,266.7,264.3,265.3,974
2019-12-27,265,267.2,265,266.1,265
2019-12-30,265.3,265.6,264.7,265.6,471
2020-01-02,263.8,266,263.6,264.1,228
2020-01-03,261.9,263.7,261,263.7,433
2020-01-06,261.3,263,259,263,271
2020-01-07,263.3,263.6,259,259.8,1167
2020-01-08,259.5,261.2,258.4,261.2,323
2020-01-09,262.7,263.4,262.2,262.9,295
2020-01-10,262.7,264.1,262.7,263.9,303
2020-01-13,263.7,264.2,261.4,262.5,539
2020-01-14,262.1,263.7,260.1,263.7,491
2020-01-15,264.5,269.9,264.5,269.4,1173
2020-01-16,269.3,270.1,268.4,269.7,765
2020-01-17,269.7,276.2,269.7,275.3,394
2020-01-20,273.8,274.3,273.1,274.2,282
2020-01-21,270.1,272,268.4,270.8,500
2020-01-22,272.2,272.2,268.6,268.9,915
2020-01-23,267.4,268.9,266.7,267,570
2020-01-24,269,273,269,270.6,486
2020-01-27,264.5,264.5,258,258.2,1422
2020-01-28,259.7,261.6,257.1,261.6,1540
2020-01-29,263,263.5,260.8,262.3,386
2020-01-30,260,260.9,258.3,259.5,357
2020-01-31,260.6,260.6,252.1,252.1,2004
2020-02-03,253.4,257.1,253,255.1,1630
2020-02-04,257,261.5,257,261.5,973
2020-02-05,263,263.1,262,263,1869
2020-02-06,263.8,267.7,259.9,267.7,2652
2020-02-07,275.8,277.6,268.9,270.7,3017
2020-02-10,270.4,270.8,267.8,270.8,623
2020-02-11,272,273.1,271.4,273,1389
2020-02-12,272.8,272.8,270.1,271,914
2020-02-13,267.4,271.4,266.4,271.4,450
2020-02-14,268,269.4,268,268.4,1005
2020-02-17,268.6,268.8,267,267.6,198
2020-02-18,267.1,269.4,266.8,268.4,560
2020-02-19,268.3,272.2,268.2,272.2,926
2020-02-20,270.3,270.3,265.6,265.6,1172
2020-02-21,265.4,266.5,263.5,266,2030
2020-02-24,257.9,258.4,255.3,256,7490
2020-02-25,257.2,257.6,251,252.9,2539
2020-02-26,250.9,254.7,246.8,253.8,4085
2020-02-27,247.6,251,243.4,246.9,3757
2020-02-28,239.4,244,235.8,240.7,7281
2020-03-02,246.3,250,240,247.3,3836
2020-03-03,250.5,254.7,249.8,250.9,4193
2020-03-04,251.5,260.8,250.7,259.4,3114
2020-03-05,262.1,262.8,255,257.3,1839
2020-03-06,254.7,254.7,249.4,253.5,2113
2020-03-09,240,244.4,236,236.5,6045
2020-03-10,241.3,246,232.5,234.6,1993
2020-03-11,235.3,238.7,229.5,229.6,2136
2020-03-12,221,222.5,211.9,212.5,10191
2020-03-13,219.6,230.6,213,215.9,3996
2020-03-16,202.5,211.2,198.75,207.9,4582
2020-03-17,210.3,222.8,201,222.8,3306
2020-03-18,220.7,226.4,210,224.7,937
2020-03-19,231.2,235.4,222.2,227.4,2005
2020-03-20,235.3,237.4,226.5,229.4,1081
2020-03-23,226.5,226.5,214,220.2,1047
2020-03-24,229.9,238.1,224.9,238.1,1647
2020-03-25,241.6,253.5,237,253.5,2149
2020-03-26,250.3,255,249,253.7,2434
2020-03-27,246.3,246.7,237,240,1504
2020-03-30,239.7,246,232.7,246,454
2020-03-31,242.6,242.6,233,238.3,1345
2020-04-01,236.7,236.7,230,233.1,790
2020-04-02,232.4,238.1,231.8,238.1,129
2020-04-03,238,238.8,236.2,236.3,288
2020-04-06,243.6,243.6,235,242,758
2020-04-07,242.8,242.8,234.7,239.9,876
2020-04-08,235,242.5,235,242.5,826
2020-04-09,245,248.9,242.3,244.5,156
2020-04-14,247,255,246.5,250.7,1834
2020-04-15,254,254.1,245.3,245.7,399
2020-04-16,248,248,237.8,246.5,175
2020-04-17,254.4,255,247.4,247.4,1963
2020-04-20,248.7,255.7,248,255.7,41
2020-04-21,255.2,255.2,245.3,245.3,187
2020-04-22,246.5,249.4,246.5,248.2,321
2020-04-23,245,248.5,244.9,245.5,687
2020-04-24,244,245.2,242.5,243.3,206
2020-04-27,248.5,248.5,243,246.3,154
2020-04-28,246.3,254.2,244.5,253.2,458
2020-04-29,254.2,257.6,252.7,256.3,537
2020-04-30,256.5,265.1,256.4,265.1,395
2020-05-04,256.4,256.4,248.4,250.4,1013
2020-05-05,252.8,252.8,247.5,248.2,242
2020-05-06,249.2,249.2,243,243,483
2020-05-07,243.5,249,243.5,249,207
2020-05-08,249.3,253.6,249.3,252.5,66
2020-05-11,254.7,255.9,252.3,255.9,262
2020-05-12,255.9,256.9,251.6,253.3,163
2020-05-13,251.2,251.2,245,250,151
2020-05-14,241.5,243.8,239.4,241.4,837
2020-05-15,242.4,243,240.9,242.8,607
2020-05-18,247.1,251,247.1,250.4,242
2020-05-19,247.2,251,246.2,248.3,380
2020-05-20,247.5,253.7,247.2,253.4,801
2020-05-21,249.7,250.2,248.5,248.5,209
2020-05-22,245.2,248.5,244,248.3,932
2020-05-25,249.3,251.1,247.9,251.1,546
2020-05-26,251.9,251.9,246.9,248.6,280
2020-05-27,246.6,251.2,246.1,251.2,976
2020-05-28,251.9,260,251.5,260,1605
2020-05-29,260.5,263,256.1,261.3,689
2020-06-02,260.8,263,259.6,261,825
2020-06-03,263.8,271.2,263.5,270.4,1276
2020-06-04,268.3,272.1,266,266.5,716
2020-06-05,265.8,269.6,263.9,269.6,894
2020-06-08,264.5,266.1,263.8,264.7,1250
2020-06-09,270,270,261.6,265.9,2467
2020-06-10,268,269.8,266.5,266.5,538
2020-06-11,264.3,268.2,264.3,264.8,166
2020-06-12,262.9,266.1,262.2,263.4,1498
2020-06-15,259.8,262.8,255.9,261.1,1342
2020-06-16,264.5,272.1,264.5,272.1,1614
2020-06-17,272.5,277.4,272.5,276.3,817
2020-06-18,276.3,278.2,274.6,276.5,97
2020-06-19,278.7,281.4,278.7,279.2,207
2020-06-22,275.2,281,275.2,276.9,226
2020-06-23,281.4,281.4,279.6,280.6,4258
2020-06-24,280.4,282.7,278.5,279.2,823
2020-06-25,277.5,283,275.6,281.7,407
2020-06-26,283.4,287,283.4,285,1137
2020-06-29,282.2,286.3,281.8,285.5,198
2020-06-30,284.1,286.5,283.9,285.7,295
2020-07-01,283.6,286.9,282.5,286.6,523
2020-07-02,288.7,296.8,288.7,296.8,2103
2020-07-03,292.1,293.6,288.7,289.4,618
2020-07-06,293.1,293.6,290.2,290.5,1299
2020-07-07,288.9,288.9,287.4,288.3,1331
2020-07-08,287,288.3,284.8,285.4,395
2020-07-09,285.5,288,284.6,286.7,710
2020-07-10,282.2,288.5,282.2,288.5,325
2020-07-13,290.2,290.2,286.2,287.8,165
2020-07-14,284.6,285.7,283.6,285.7,337
2020-07-15,288.5,294.1,288.4,291.1,314
2020-07-16,285.9,289.5,285.9,287.2,235
2020-07-17,287.2,290.3,287.2,290.3,210
2020-07-20,288.9,289.8,286.5,289.8,244
2020-07-21,290.8,291.5,289.6,289.7,207
2020-07-22,286.8,288,286.4,287.1,105
2020-07-23,289.6,291.9,288.9,291.3,324
2020-07-24,287,287.1,283.6,284.7,562
2020-07-27,285.2,287.1,285.2,285.7,352
2020-07-28,283.5,286.9,283.1,286.9,198
2020-07-29,290.4,291.3,288.3,289.1,738
2020-07-30,288.2,288.2,279.7,284.4,1352
2020-07-31,281.3,288.5,281.3,282.5,527
2020-08-03,283.6,284.7,278.1,278.1,346
2020-08-04,279.1,281.7,275.5,281.6,853
2020-08-05,284.7,285.7,282.5,282.5,475
2020-08-06,281.1,281.1,278.6,279,713
2020-08-07,279.1,279.1,277.2,277.7,2592
2020-08-10,278.2,278.2,275.9,276.2,1230
2020-08-11,279.8,280,276.3,277.4,46
2020-08-12,278,282.7,277,282.5,325
2020-08-13,283.3,283.3,282.4,282.5,98
2020-08-14,279.5,279.5,275.9,278.7,602
2020-08-17,279.2,279.5,277.3,279,693
2020-08-18,279,280.9,278.8,279.1,179
2020-08-19,279.8,283.2,279.8,283.2,158
2020-08-20,281.1,281.3,278.3,278.4,116
2020-08-21,278.3,278.5,272.9,273.9,147
2020-08-24,278.1,280,277.5,278.8,745
2020-08-25,279.7,279.9,279,279,80
2020-08-26,278.5,281.5,278,281.5,248
2020-08-27,281.7,282.4,280.4,280.7,290
2020-08-28,280.4,280.4,277.2,277.2,779
2020-08-31,280.4,281.8,277,277,468
2020-09-01,278.5,279.6,274.7,277.7,565
2020-09-02,281.9,283.4,280.4,281.2,4161
2020-09-03,284.4,284.4,277.7,278.4,135
2020-09-04,276,279.8,273,274,689
2020-09-07,275.5,279.6,275.5,278.8,528
2020-09-08,278.4,278.4,274.1,275.3,421
2020-09-09,279.7,284,279.7,282.7,1820
2020-09-10,283.3,283.5,281.5,281.5,220
2020-09-11,280.9,283.1,280.9,282.2,47
2020-09-14,284,284,280.8,281.2,214
2020-09-15,281.4,283.2,281.4,283.2,258
2020-09-16,283.6,283.6,280.3,280.9,120
2020-09-17,276.7,280.3,276.1,279.2,180
2020-09-18,279,280.5,276.8,276.8,1365
2020-09-21,275.3,275.3,269.9,270.8,815
2020-09-22,272.1,275.5,272.1,275.5,428
2020-09-23,276.5,279.5,276.5,277.4,2882
2020-09-24,276.4,277.3,272.8,274.5,506
2020-09-25,273.1,273.7,270,270.8,626
2020-09-28,274.6,279.5,274.6,278.6,822
2020-09-29,280.5,283.5,280.5,281.4,982
2020-09-30,279.8,280.1,277.6,277.6,14
2020-10-01,279.6,282.5,278.6,282.5,304
2020-10-02,279.4,281.1,278.9,281.1,163
2020-10-05,281.9,281.9,279.3,279.9,493
2020-10-06,279.4,280,276.8,279.1,559
2020-10-07,279.1,279.1,277,278,412
2020-10-08,279.5,279.5,278.4,278.7,310
2020-10-09,280.3,282.5,278.7,282.5,820
2020-10-12,281.9,290,281.7,287.3,1238
2020-10-13,289,289,286,287.1,529
2020-10-14,287.9,290.7,287.4,290.4,290
2020-10-15,286.1,286.3,283.7,284.5,867
2020-10-16,287.8,292.3,287.4,291.4,490
2020-10-19,294.5,294.5,288,288,322
2020-10-20,289,291.4,289,290.4,213
2020-10-21,290.2,290.2,286.6,286.6,393
2020-10-22,283.8,287.3,283,285.3,646
2020-10-23,289.9,290.7,286.6,288.5,813
2020-10-26,286.8,286.8,285.2,285.3,97
2020-10-27,285.3,287.3,284.9,287,726
2020-10-28,284.4,284.4,276,278.7,975
2020-10-29,278.9,281.1,276.4,279.4,586
2020-10-30,276.6,277.8,275.6,277.8,659
2020-11-02,278.8,285,278.8,283.8,437
2020-11-03,284.6,290.4,284.6,290.3,837
2020-11-04,288.4,300,288.4,300,1253
2020-11-05,300.4,302.8,297.4,298.7,638
2020-11-06,296,297.2,294.1,297.2,687
2020-11-09,299.6,318,299.6,310.9,1372
2020-11-10,310.2,315.4,309.7,315.4,1320
2020-11-11,317.3,320,317.3,319,1800
2020-11-12,317.5,321.1,317.5,317.6,555
2020-11-13,318.1,318.1,314.3,314.3,360
2020-11-16,315.3,320.6,314.9,317.4,572
2020-11-17,320,320,316.1,316.8,1094
2020-11-18,315.5,317.2,313.2,314.7,373
2020-11-19,311.8,312.6,310.8,310.8,824
2020-11-20,311.3,314.1,311.3,312.3,352
2020-11-23,312.4,312.9,306.3,306.3,1796
2020-11-24,305,305,296,296,1450
2020-11-25,296.2,304.3,296.2,304.3,1264
2020-11-26,306.3,307.1,302,302,585
2020-11-27,307.4,309.8,307.4,309.3,2228
2020-11-30,309.2,309.2,307,307.1,2019
2020-12-01,308.2,308.2,304.6,306.4,1627
2020-12-02,305,306.9,305,306.4,291
2020-12-03,305.3,306.3,304.4,304.9,136
2020-12-04,305.6,307.6,302.9,306.4,1100
2020-12-07,306.4,306.4,303.3,304.1,404
2020-12-08,304,305.4,302.1,304.8,297
2020-12-09,304.1,304.6,300.6,302,683
2020-12-10,304.4,305.7,301.7,301.7,1672
2020-12-11,301.5,302.7,300.4,302.4,718
2020-12-14,302.6,305.4,302.4,302.7,648
2020-12-15,303.9,306,302.4,302.4,1377
2020-12-16,306.4,310.1,305.2,309,297
2020-12-17,308.8,308.9,304.7,304.7,1017
2020-12-18,305.5,306.2,303.8,305.2,297
2020-12-21,302.2,302.4,294.6,295.6,1434
2020-12-22,299.1,302.5,299.1,301.6,765
2020-12-23,303.2,305,303.1,303.7,1059
2020-12-28,304.6,309.1,301.7,309.1,313
2020-12-29,312,312.6,311.2,312.3,1036
2020-12-30,311.2,313.3,311.2,312,235
2021-01-04,314.3,316,311.1,311.1,772
2021-01-05,309.8,311.6,307,308.5,342
2021-01-06,307.4,308.8,305.1,308.8,161
2021-01-07,308.9,309.3,307.2,307.6,347
2021-01-08,309,309.2,302.8,306.4,690
2021-01-11,306.5,306.5,304.2,305.2,1027
2021-01-12,302.6,302.6,299,300.4,505
2021-01-13,300.4,302,299.1,301.4,1658
2021-01-14,300.2,300.2,298,298,206
2021-01-15,295.7,298.3,295.4,298.3,3517
2021-01-18,297.8,298.3,296.8,297.8,301
2021-01-19,296.8,298.1,296,296.9,620
2021-01-20,296.1,297.2,293.4,293.5,1751
2021-01-21,294.3,295.5,293.3,294.6,1170
2021-01-22,295.5,296.4,293.5,296.4,969
2021-01-25,296.7,299.4,294.5,298.9,837
2021-01-26,300.4,302.5,299.7,301.8,684
2021-01-27,300.5,301.9,296.3,297.6,434
2021-01-28,298.1,298.2,296.2,297.7,1467
2021-01-29,292,293.5,289.9,289.9,710
2021-02-01,294.1,296.7,293.7,296.3,2520
2021-02-02,297.3,300.8,297.3,300.8,562
2021-02-03,299,299,294.3,295.9,654
2021-02-04,295.3,298,294.9,298,774
2021-02-05,297.9,305.5,296.4,305.5,992
2021-02-08,309,309.3,307,308,876
2021-02-09,309,313,308.3,313,1042
2021-02-10,311.4,313.4,311.1,311.2,1055
2021-02-11,310,312,308.7,309.1,271
2021-02-12,315.2,319.4,313.8,318.3,3524
2021-02-15,315.6,315.7,311.8,315,1274
2021-02-16,314.5,314.5,311.5,313.4,749
2021-02-17,315.2,317.5,313.3,316.7,419
2021-02-18,317,318.6,316.5,316.6,468
2021-02-19,318.6,319.8,316,316,435
2021-02-22,313,314,311,311,340
2021-02-23,310.8,311.8,309.4,311.8,568
2021-02-24,311.2,312,307.3,307.4,595
2021-02-25,307.8,309.6,306.6,306.9,715
2021-02-26,305.2,307.2,302.5,303.1,1059
2021-03-01,306.8,306.8,305,306,611
2021-03-02,308.8,311.2,308,308.8,1521
2021-03-03,310.4,310.4,305.8,307.6,434
2021-03-04,309.6,310.9,308.1,310.1,284
2021-03-05,309.3,310.8,306.9,309,372
2021-03-08,306,309.3,304.4,308.7,757
2021-03-09,308.3,313,308,311.2,871
2021-03-10,314.6,318.5,313.7,318.5,928
2021-03-11,320.7,321.6,318.6,321.1,1000
2021-03-12,321.1,323,320.3,322.4,758
2021-03-15,323.9,324.6,320.9,321.5,926
2021-03-16,320.6,324.3,319.8,324.3,388
2021-03-17,324,326.4,322.5,326,727
2021-03-18,324.9,325.9,320,322,279
2021-03-19,321.6,323.4,320,322.7,436
2021-03-22,317,322.2,317,320.8,161
2021-03-23,322.6,323.3,321.5,321.8,465
2021-03-24,320.9,320.9,317.9,318.4,449
2021-03-25,316.7,323.3,316.7,322.6,673
2021-03-26,323,324,322.2,323.6,392
2021-03-29,326.6,329.5,325.4,326.6,342
2021-03-30,326,327.9,325.9,327.9,383
2021-03-31,327.3,328,326.2,327.1,1898
2021-04-01,327.1,327.1,322.55,323.9,861
2021-04-06,327.15,331.3,327.05,331.3,653
2021-04-07,330.4,331.4,328.3,330.8,630
2021-04-08,332,339.7,332,339.6,1431
2021-04-09,338.45,341,337.75,338.55,1213
2021-04-12,338.05,339.3,337.05,337.05,933
2021-04-13,338.05,341.2,338,340.05,464
2021-04-14,342.95,343.7,338.6,339.25,1027
2021-04-15,339.5,342.85,338.65,342.85,719
2021-04-16,336.15,338.2,334.75,336.65,2117
2021-04-19,337.15,340.3,337.15,338.75,399
2021-04-20,338,339.45,337.1,338.45,1923
2021-04-21,338.45,343.2,338.45,342.8,518
2021-04-22,343.15,349.05,343.15,343.15,395
2021-04-23,349.15,350.25,344.25,347.85,932
2021-04-26,345.55,345.8,341.4,342.6,1373
2021-04-27,338.85,340,336,336.3,354
2021-04-28,338.25,340.3,337.9,339.1,170
2021-04-29,341.75,343.6,341.05,343.2,977
2021-04-30,344,344.25,341.75,341.75,91
2021-05-03,343.45,346.35,342.9,345.7,374
2021-05-04,346.1,346.1,340.65,341.35,721
2021-05-05,343.9,347.6,343,345.9,515
2021-05-06,347.15,348.45,345.5,347.6,412
2021-05-07,351,351,347.9,349.8,1389
2021-05-10,349.7,352.4,349.7,352.4,576
2021-05-11,347.3,348,343.65,346.3,948
2021-05-12,347.4,347.8,342.5,342.5,374
2021-05-13,343.1,350.65,342.5,350.15,134
2021-05-14,351.5,353,351,352.5,680
2021-05-17,354.45,356.3,353.85,355.45,645
2021-05-18,358,358,351.95,351.95,431
2021-05-19,348.7,351.5,348.7,350.05,325
2021-05-20,354.6,358.85,353.05,358.75,153
2021-05-21,360.5,361.8,359.75,361.35,643
2021-05-25,366.8,368.75,366.8,367.25,616
2021-05-26,370.2,371.05,366.4,366.4,1005
2021-05-27,366.55,368.55,365.95,365.95,921
2021-05-28,366.45,372,366.45,371.65,492
2021-05-31,371.25,371.8,368.4,368.4,555
2021-06-01,370.6,371.4,367.6,370.05,658
2021-06-02,371.2,371.75,369.3,371.75,240
2021-06-03,372.3,373.6,371.3,372.95,165
2021-06-04,373.9,377.6,373.9,376.3,3526
2021-06-07,376.9,379.95,376.65,378.65,781
2021-06-08,379.55,382.5,378.35,380.75,8142
2021-06-09,382.15,384.2,381.75,382,3098
2021-06-10,383.8,383.8,381.5,381.95,359
2021-06-11,382.7,384.75,381.95,383.95,845
2021-06-14,387.45,388.4,383.05,384.65,881
2021-06-15,387.65,391.1,387.4,387.4,2624
2021-06-16,388.4,391.4,388.4,389.35,1304
2021-06-17,385.85,394.15,384.15,394.15,943
2021-06-18,392.45,395.25,389.75,390.35,616
2021-06-21,391.1,391.4,388.5,389.3,1634
2021-06-22,389.65,389.75,386.2,387.6,198
2021-06-23,385.75,385.75,381.35,381.35,1018
2021-06-24,385.9,391,384.9,390.1,1614
2021-06-25,388.15,388.15,384.5,388.1,530
2021-06-28,385.75,386.9,385.05,385.7,1184
2021-06-29,385.7,385.7,383.2,383.2,991
2021-06-30,383.8,383.8,375,375.95,1977
2021-07-01,377.1,378.75,374,375.4,1485
2021-07-02,376.05,376.15,372.55,372.6,2303
2021-07-05,372.05,372.65,370.85,372.05,574
2021-07-06,371.2,371.8,369,370.6,1359
2021-07-07,371.05,376.75,370.75,376.75,816
2021-07-08,373.9,373.9,361.1,367.65,916
2021-07-09,366.35,371.7,366.35,371.7,779
2021-07-12,371.1,376.2,370.9,375.35,1609
2021-07-13,374.4,376,373.45,375.5,658
2021-07-14,375.5,376.8,374,376.4,552
2021-07-15,376.5,378.55,373.3,373.75,2391
2021-07-16,375.2,375.95,373.35,374.75,1319
2021-07-19,373.35,374.25,371.65,373.3,703
2021-07-20,375.25,380.8,375.25,376.95,879
2021-07-21,379.75,380,377.7,379.25,290
2021-07-22,379,379.4,376.3,379.2,476
2021-07-23,379,387.25,379,387.2,1170
2021-07-26,385.8,385.8,382.5,383.5,2764
2021-07-27,384.15,384.45,382.05,383.5,170
2021-07-28,383.85,385,382.65,383.1,751
2021-07-29,383.65,386.15,383.65,384.7,372
2021-07-30,380.75,388.4,380.15,385.8,337
2021-08-02,389.65,394,387,392.8,1248
2021-08-03,392.45,395.8,392.45,394,458
2021-08-04,396.25,397.45,394,395.4,157
2021-08-05,396.8,399.9,396.5,398.35,4845
2021-08-06,398.45,400,397.6,399.1,315
2021-08-09,401.6,402.55,397.3,399.35,1731
2021-08-10,400.45,400.45,397.3,398.05,181
2021-08-11,399.3,400.85,398.9,400.15,236
2021-08-12,402.6,406.2,401.5,403.9,413
2021-08-13,404.55,404.55,403.1,403.2,372
2021-08-16,400.8,400.8,393.3,398.75,480
2021-08-17,396.7,400.45,394.75,400.05,1094
2021-08-18,398.75,399,392.9,393.25,767
2021-08-19,388.7,389.8,381.7,388.55,1564
2021-08-20,386.7,394,384.85,392.45,712
2021-08-23,396.2,396.2,393.05,395.15,1391
2021-08-24,395.75,396.05,391.8,393.25,535
2021-08-25,395.5,395.5,392.15,392.9,266
2021-08-26,392.25,394.15,391.05,394.1,424
2021-08-27,393.4,395.4,392.4,393.65,1296
2021-08-30,394.2,398,394.2,397.2,554
2021-08-31,398,398,394,396.35,485
2021-09-01,399.75,400.4,397.3,399.5,414
2021-09-02,398.55,401.8,397.65,400.15,915
2021-09-03,399,400.55,393.4,394.8,1671
2021-09-06,397.1,397.1,395.8,396.2,310
2021-09-07,395.35,395.85,392.9,392.9,465
2021-09-08,389.7,394.85,388.25,394.15,921
2021-09-09,394.15,398.65,393.95,397.55,3967
2021-09-10,399.25,400.95,397.5,398.3,444
2021-09-13,399.45,402.45,397.35,397.35,756
2021-09-14,396.7,398.65,393.35,398.65,700
2021-09-15,399.55,399.75,392.95,392.95,540
2021-09-16,395.05,395.45,383.4,383.4,894
2021-09-17,388,390,381.25,382.5,1577
2021-09-20,379.1,379.2,371.25,372.3,2013
2021-09-21,376.5,383.55,376.5,383.55,2692
2021-09-22,386.55,386.8,384,384.6,459
2021-09-23,386.95,388.9,386,387.4,4613
2021-09-24,385.9,385.9,378.1,378.3,745
2021-09-27,379.25,379.35,372,372,905
2021-09-28,368.75,370,359.75,362.7,2719
2021-09-29,366.65,368.5,362,363.2,732
2021-09-30,364.35,364.35,357.35,357.35,875
2021-10-01,356.35,363.6,356.35,361.4,601
2021-10-04,359.2,365.05,359.2,361.45,1495
2021-10-05,362.6,366.1,362,363.95,824
2021-10-06,359.55,359.8,356.3,358.1,991
2021-10-07,362.3,362.7,359.25,362.05,520
2021-10-08,362.6,362.8,357.45,357.45,329
2021-10-11,357.2,357.4,354.6,355.8,667
2021-10-12,351.8,356.3,351.8,355.5,305
2021-10-13,353.25,362.45,352.35,362.45,1019
2021-10-14,364,370.8,362.55,370,659
2021-10-15,371.95,373.2,367.15,369.7,488
2021-10-18,367.5,367.5,363.2,365.85,621
2021-10-19,365.35,366.2,360.8,362.45,985
2021-10-20,362.35,365.25,362.35,363.4,393
2021-10-21,366.05,371.3,366.05,369.25,537
2021-10-22,390.15,393.55,387,388.05,1852
2021-10-25,388.75,388.75,383.75,383.75,1152
2021-10-26,386.9,391.7,386.3,390.55,391
2021-10-27,389.2,390.85,387.65,388.25,627
2021-10-28,389.1,393.45,389.1,393.45,268
2021-10-29,388.9,394.9,388.3,394.9,401
2021-11-01,398.05,400.2,396.85,398.2,849
2021-11-02,397.8,400.15,397.8,400.15,80
2021-11-03,400.2,405.5,399.5,405.5,980
2021-11-04,405.5,408.9,403.3,408.9,1117
2021-11-05,409.85,415.5,409.85,412.9,618
2021-11-08,412.85,412.85,411.15,412.25,614
2021-11-09,410.55,415.05,410.55,411.4,683
2021-11-10,414.15,414.55,412.15,414.4,940
2021-11-11,414,415.7,413.15,414.45,525
2021-11-12,416.2,422.45,416.2,420.9,237
2021-11-15,422,423.95,420.75,423.95,1696
2021-11-16,425.35,427.3,423,427.3,439
2021-11-17,425.45,430.1,425.45,430.1,894
2021-11-18,427.75,428.05,422.75,422.75,679
2021-11-19,422.75,425.45,422.05,425.45,574
2021-11-22,425.4,425.4,418.1,422.5,1398
2021-11-23,414.5,417.65,409.45,414,1143
2021-11-24,411.7,415.45,404.4,415.45,573
2021-11-25,414.9,416.9,411.95,412.5,508
2021-11-26,402.4,408.3,400.8,405.2,2560
2021-11-29,406.55,407.1,401.8,402,1517
2021-11-30,399.85,400,394.35,397.9,1178
2021-12-01,398.4,406.1,396.1,406.1,586
2021-12-02,403.95,403.95,398.1,398.1,1027
2021-12-03,403.2,403.2,398.55,400.75,546
2021-12-06,403.95,410.3,403.45,408.7,361
2021-12-07,413.1,424.95,413.1,424.95,475
2021-12-08,430,430,417.1,418.25,1232
2021-12-09,422.6,427.45,418.6,419,1446
2021-12-10,417.3,421.15,417.3,421.1,94
2021-12-13,421,422.3,415.85,418.25,736
2021-12-14,418.9,419,414.55,415.3,453
2021-12-15,418.15,418.65,413.9,417.35,480
2021-12-16,422.45,422.45,413.2,418.65,491
2021-12-17,418.2,418.2,409.6,412.8,360
2021-12-20,405.9,412,401,410.65,337
2021-12-21,413,414.85,409.4,414.85,767
2021-12-22,414.1,419.35,412.75,419.35,254
2021-12-23,419.35,424,418.5,422.75,343
2021-12-27,421.2,421.2,417.1,418.2,640
2021-12-28,419.3,421.9,419.15,421.1,269
2021-12-29,421.85,423.5,419,419,601
2021-12-30,420.8,422.45,420.6,421.85,447
2022-01-03,428.8,430,424.75,426,784
2022-01-04,426,431.55,424.3,431.35,1004
2022-01-05,430.4,430.4,426.5,428.1,825
2022-01-06,422.15,422.15,413.15,413.2,728
2022-01-07,410.6,413.65,406.8,409.55,865
2022-01-10,409.4,409.4,392.3,394.65,1381
2022-01-11,399.45,399.45,394.5,396.2,21038
2022-01-12,398.6,400.9,395.5,400.05,472
2022-01-13,396.75,396.95,388.85,388.85,1407
2022-01-14,381.6,382.8,379.15,379.4,1074
2022-01-17,380.4,386.8,378.75,385.35,1409
2022-01-18,383.55,383.55,376.05,376.05,910
2022-01-19,373,379.9,372.65,377.2,611
2022-01-20,379,380.65,374,380.65,438
2022-01-21,376.65,378.4,375,377.15,857
2022-01-24,375.05,376.55,362.9,365.1,1559
2022-01-25,370.8,371.85,365.9,369.5,673
2022-01-26,373.3,375.05,370,371.9,1535
2022-01-27,365.15,373.75,362,373.25,1344
2022-01-28,370.1,370.65,363.2,368.3,994
2022-01-31,372.15,377.3,372.15,376.65,768
2022-02-01,381.55,381.55,376.8,378.05,852
2022-02-02,378.75,383.7,378.75,379.7,1395
2022-02-03,382.9,385,372.35,372.35,1090
2022-02-04,374.7,374.7,366.9,367.85,933
2022-02-07,372.7,373.1,369.25,371.4,1143
2022-02-08,374,374,367.6,369.05,1087
2022-02-09,375.15,377.2,370.65,371.45,1774
2022-02-10,368.55,368.55,356.8,364,3535
2022-02-11,363.85,365.95,362.3,363.85,1420
2022-02-14,355.75,357.15,347,353.2,3596
2022-02-15,353.55,359.5,353.2,359.5,1752
2022-02-16,358.3,360.3,354,355.45,1720
2022-02-17,356.8,357.75,354.2,356.5,462
2022-02-18,361.65,365.25,358.65,360.6,591
2022-02-21,359.75,359.75,346.45,346.45,1170
2022-02-22,344.8,353,343.1,348.55,2565
2022-02-23,349.15,350.1,343.55,343.55,425
2022-02-24,332.5,342.2,331.55,340.55,2512
2022-02-25,342.9,354,339.55,354,1004
2022-02-28,349.45,355.35,346.6,355.35,687
2022-03-01,355.35,355.35,343.35,344.7,538
2022-03-02,344.45,350.9,342.8,348.1,830
2022-03-03,351.35,352.25,344.5,346.2,1141
2022-03-04,344.15,345.55,338,339.2,2462
2022-03-07,332.55,346.4,331.65,341.45,2251
2022-03-08,338.65,346.2,326.4,328.6,3056
2022-03-09,340.35,356.75,339.1,356.75,2074
2022-03-10,351.35,352.25,337.9,340.5,2837
2022-03-11,336.1,344.05,331.25,338.6,1862
2022-03-14,337.5,347.75,334.6,345.1,845
2022-03-15,340.3,346.55,335,344.25,1540
2022-03-16,350.4,364.75,349.6,359.85,1122
2022-03-17,361.05,361.05,356.8,360.6,1661
2022-03-18,359.4,362.6,353.25,362.6,1450
2022-03-21,359.8,363.4,350,354.85,530
2022-03-22,355.95,364.15,355.95,363.4,1158
2022-03-23,362.75,365.4,355,356.9,546
2022-03-24,352.6,355.35,347.5,349.75,3259
2022-03-25,350.05,355.5,347.2,349.4,1468
2022-03-28,354.65,358.15,352.3,353.9,1336
2022-03-29,360.6,375.55,360.6,369.2,2947
2022-03-30,367.25,367.25,363.65,366.65,1613
2022-03-31,370.45,372.6,363.8,363.8,423
2022-04-01,365.05,369.05,363.85,367.75,879
2022-04-04,369.5,371.8,366,371.15,754
2022-04-05,372,379.9,371.3,379.9,1326
2022-04-06,371.5,371.5,364.25,368.35,612
2022-04-07,369.3,372.1,366.8,367.45,1067
2022-04-08,370.9,371.45,364.65,368.1,1518
2022-04-11,368.15,368.65,364.1,364.45,851
2022-04-12,355.85,364.25,354.9,361.35,992
2022-04-13,360.45,361.4,357.9,358.95,647
2022-04-14,362.4,363.1,360.55,361.55,750
2022-04-19,355.85,355.85,347.25,353.3,749
2022-04-20,353.2,355.05,348,353.55,383
2022-04-21,358.1,362.2,358.1,360.95,367
2022-04-22,356.55,360.4,352,353,855
2022-04-25,344.85,347.15,338.65,342.05,1064
2022-04-26,343.75,346.5,337.5,338.15,869
2022-04-27,338.55,341.65,336,341.6,776
2022-04-28,347.2,351.5,345.1,347.4,1136
2022-04-29,348.8,354.3,347.75,349.25,842
2022-05-02,344,344,337.6,339.9,972
2022-05-03,339.45,339.75,326.45,333.2,2640
2022-05-04,331.05,333.2,328.25,330.05,984
2022-05-05,337.65,337.65,327.05,328.95,1051
2022-05-06,325.05,325.05,313,315.95,2542
2022-05-09,313.75,314.35,304.1,304.4,2440
2022-05-10,309.05,316.75,305.85,308.9,743
2022-05-11,313,324.6,311,323.85,1919
2022-05-12,315.95,324.5,313.8,322.7,1050
2022-05-13,319.8,332.55,319.8,332.55,1212
2022-05-16,330,330.15,322.65,327.7,1078
2022-05-17,329.9,330.55,327.85,328.05,791
2022-05-18,326,326.35,315.8,315.8,560
2022-05-19,312.6,312.9,304.65,308.5,1356
2022-05-20,309.15,314.55,306.35,309.6,994
2022-05-23,311.55,313.7,307,313.7,547
2022-05-24,310,311.45,308.05,308.05,662
2022-05-25,308.05,308.05,303.2,307.3,599
2022-05-26,305.15,313.15,305.1,312.15,506
2022-05-27,317.8,325.2,316.35,325.05,816
2022-05-30,330,336.8,329.15,331.8,1653
2022-05-31,329.5,330.35,326,328.65,910
2022-06-01,330.3,330.55,321.1,321.8,1269
2022-06-02,326.3,334.05,326,332.05,1217
2022-06-03,333.55,333.55,327.7,327.9,795
2022-06-06,332.4,336.8,332.15,333.25,141
2022-06-07,330.5,330.65,325.8,327.45,512
2022-06-08,325,327.7,324.75,327.1,749
2022-06-09,322.35,330.2,319.95,322.8,1550
2022-06-10,316.8,318.15,313.8,314.5,1008
2022-06-13,309.9,311.55,306.5,308.4,1437
2022-06-14,309.45,309.45,301.75,301.75,1362
2022-06-15,307.35,309.85,303.1,307.55,1034
2022-06-16,306,306.1,301.55,304.15,1127
2022-06-17,306.15,310.5,305.1,307.45,781
2022-06-20,308.75,310.65,305.9,310.65,493
2022-06-21,309.85,320,309.85,315.75,987
2022-06-22,311.85,317.95,311.75,317.2,602
2022-06-23,318.15,325.25,317.05,323.3,731
2022-06-24,326,338,326,336.9,2208
2022-06-27,339.5,342.5,333.7,334.6,1155
2022-06-28,337.3,337.3,330.95,330.95,1853
2022-06-29,328.15,330.95,326,330.95,1102
2022-06-30,322.95,329.2,321.65,329.2,1249
2022-07-01,325.8,331.75,325.3,329.5,509
2022-07-04,332.35,333,330.45,331.65,699
2022-07-05,333.1,334.65,327.5,333.8,691
2022-07-06,336.55,347.9,336.4,347.9,1148
2022-07-07,349.35,351.15,343.85,344.1,2327
2022-07-08,344.35,344.35,327.35,327.35,1197
2022-07-11,326.2,329.5,323.5,329.5,1461
2022-07-12,328.95,339.05,328.95,339,840
2022-07-13,340.4,341.35,331.2,336.15,1507
2022-07-14,334.6,336.65,332.85,334.7,626
2022-07-15,337.3,340.35,332.2,338.05,3287
2022-07-18,339.7,346.5,339.65,339.7,794
2022-07-19,340.15,349,336.15,349,900
2022-07-20,347.65,349.4,343.5,344.05,581
2022-07-21,342.35,347.15,339.95,347,593
2022-07-22,345.55,354.2,345.55,353.45,1514
2022-07-25,351.35,353.7,351.35,353.7,490
2022-07-26,353.15,355.75,351.1,354.95,409
2022-07-27,353.75,357.1,353,357.1,390
2022-07-28,356.1,356.1,350.05,355.6,1092
2022-07-29,365.6,372.55,363.75,368.2,1876
2022-08-01,366.2,370.45,364.65,369.2,354
2022-08-02,367.45,368.9,363.85,363.85,646
2022-08-03,361.5,362.5,359.25,361.45,270
2022-08-04,363.7,367.3,363.65,363.7,347
2022-08-05,367.35,367.65,357.65,360.95,609
2022-08-08,357.65,364.25,356.3,364.25,457
2022-08-09,361,361.8,357.85,361.8,778
2022-08-10,357.75,364.25,355.05,364.25,382
2022-08-11,360.15,362.8,357,362.8,888
2022-08-12,358.4,362.85,358.05,362.85,417
2022-08-15,362,364,361.55,364,290
2022-08-16,364.3,364.4,360.3,364,626
2022-08-17,363.05,365.3,361.85,364.4,249
2022-08-18,363.9,366.45,359.8,366.45,1099
2022-08-19,360.85,365,360.85,363.4,539
2022-08-22,360,364.2,357,357,466
2022-08-23,358.5,360.5,351.85,351.85,411
2022-08-24,355.35,362.6,355.35,362.6,616
2022-08-25,359,360.45,357.25,359.6,725
2022-08-26,357.2,357.75,352,352.7,738
2022-08-29,349.3,349.3,343.6,347.45,469
2022-08-30,348.4,349.15,341.65,345.3,770
2022-08-31,343.4,347.95,342,345.7,272
2022-09-01,340.9,342,337.55,341.6,336
2022-09-02,341.4,343.15,340,341.4,63
2022-09-05,340.2,342.4,336.15,341.55,631
2022-09-06,342.85,345.45,340.15,344.2,383
2022-09-07,339.55,340.5,338.05,340.15,258
2022-09-08,342,343.25,335,343.1,278
2022-09-09,346.35,346.35,345.25,345.3,25
2022-09-12,345.4,352.1,344.25,351.2,506
2022-09-13,356.05,359.55,346.35,346.35,99
2022-09-14,345,345.65,342.85,344.9,240
2022-09-15,344.75,347.65,342.35,342.85,465
2022-09-16,338.35,342,338.2,342,367
2022-09-19,334.45,335.3,328.3,333.1,1818
2022-09-20,333.55,334.15,330.4,333.25,779
2022-09-21,329.65,342.25,329.65,342.25,506
2022-09-22,336.85,336.85,328.7,333.2,447
2022-09-23,325.6,329.65,323.1,329.6,1418
2022-09-26,328.3,331.75,327,329.5,626
2022-09-27,329.5,333,327.5,327.65,202
2022-09-28,322.55,335.35,320,335.35,1222
2022-09-29,322.3,333.35,320.7,333.35,1287
2022-09-30,324,330.2,323.9,330.2,352
2022-10-03,325.4,327.2,322.05,327.2,384
2022-10-04,329.35,348.25,329.35,348.25,639
2022-10-05,334.8,340.4,333.7,340.4,124
2022-10-06,337,337.65,332.35,332.35,190
2022-10-07,334.05,334.2,328.15,328.15,388
2022-10-10,324.1,328.35,323.8,328.35,551
2022-10-11,324,328,322.45,324.9,90
2022-10-12,328.95,329.3,325.5,328.6,887
2022-10-13,325.25,325.25,314,324.8,1658
2022-10-14,326.65,333.05,326.35,326.35,493
2022-10-17,327.1,328.9,323.2,328.5,130
2022-10-18,330.2,333.35,327.3,330.3,890
2022-10-19,329.7,331.85,325.85,325.85,342
2022-10-20,329.6,329.6,326.15,329.3,33
2022-10-21,313.4,320,310,320,1137
2022-10-24,315.45,318.6,313.8,318.6,421
2022-10-25,313.95,324,304.4,324,1322
2022-10-26,320.75,322.2,318.75,320.3,479
2022-10-27,319.7,319.7,314.25,315.8,706
2022-10-28,313.25,314.6,309.15,314.55,540
2022-10-31,315.2,319.05,314.65,318.2,261
2022-11-01,320.55,322.9,318.1,318.5,492
2022-11-02,319.15,322.9,306.5,311.5,959
2022-11-03,305,306.8,301.5,302.25,607
2022-11-04,305.2,320.95,305.2,319,1637
2022-11-07,323,324,321.55,323.5,461
2022-11-08,325.1,327,324.75,326.55,346
2022-11-09,326.9,328.5,322.55,327.8,101
2022-11-10,325.6,339,325.55,337.4,686
2022-11-11,345.5,347.6,341.7,346.9,464
2022-11-14,349.55,352.25,345.85,346.8,1001
2022-11-15,348.8,348.8,338.6,341.35,533
2022-11-16,345.55,345.55,343.05,345.55,286
2022-11-17,347,351.25,342.4,351.25,314
2022-11-18,346.15,348.7,344.9,347.95,313
2022-11-21,347.2,348.35,344.4,348.35,260
2022-11-22,346.25,346.25,339.3,344.75,517
2022-11-23,344.55,349.75,341.75,349.75,751
2022-11-24,348.2,351.45,348.05,351.45,651
2022-11-25,350.35,351.65,347.75,347.75,385
2022-11-28,350.3,353.5,347.25,352.55,339
2022-11-29,354.6,354.8,345,347.4,229
2022-11-30,348.3,355.9,348.2,352.9,441
2022-12-01,360,362.6,356,360.75,1505
2022-12-02,356.6,362.25,356.6,362.05,638
2022-12-05,361.35,361.35,354.55,356.7,680
2022-12-06,356.85,358.85,356.85,358.85,133
2022-12-07,358,359.2,352,356.65,297
2022-12-08,357.45,357.9,352.95,355.1,919
2022-12-09,358.15,358.15,350,350,346
2022-12-12,348.55,352.85,348.55,350.1,731
2022-12-13,348,361.15,346.55,352.3,838
2022-12-14,351.75,357.25,351.75,355.6,203
2022-12-15,353.35,353.35,337.8,337.8,617
2022-12-16,339,339.05,333.75,334.6,1493
2022-12-19,336.4,336.4,333,335.05,448
2022-12-20,332.55,334.65,332.1,332.5,116
2022-12-21,334,341,334,340.25,297
2022-12-22,340,342,333.95,342,866
2022-12-23,333.95,334.8,330.95,331.5,367
2022-12-27,335.75,341.25,335.2,341.25,179
2022-12-28,336.7,340.15,335.5,340.15,1539
2022-12-29,333.4,340,333.3,340,45
2022-12-30,337.5,337.5,336,336.2,292
2023-01-02,335.95,337.35,335,335.95,159
2023-01-03,336.65,342.7,336.1,342.7,535
2023-01-04,344.2,357.7,344.2,354.55,1217
2023-01-05,353.6,358.15,352.85,354.15,113
2023-01-06,352.7,358.65,352.5,358.65,81
2023-01-09,358.65,365.8,358.65,365.8,25
2023-01-10,363,366.45,362.5,362.5,818
2023-01-11,364.4,371.2,362.6,367.8,2293
2023-01-12,367.8,370,366.25,367.25,199
2023-01-13,368.75,374.4,368.75,374,221
2023-01-16,377.9,377.9,376.35,377.65,224
2023-01-17,376.95,387.05,376.95,386.95,1528
2023-01-18,386.2,386.2,379.9,383.4,718
2023-01-19,383.1,385.4,375.35,376.55,401
2023-01-20,377.75,380.45,374.85,380.25,671
2023-01-23,383.1,384.15,380.05,382.9,170
2023-01-24,383.25,383.25,378,379.55,1278
2023-01-25,379.6,381.2,376.25,381.2,161
2023-01-26,386.15,387,382.4,385.3,367
2023-01-27,384.3,384.7,377.65,378.5,255
2023-01-30,378.15,381.2,375,380.4,92
2023-01-31,379.15,379.15,375.55,378.1,256
2023-02-01,375.5,377.25,370,372.35,181
2023-02-02,376.35,378.75,364.1,377.65,369
2023-02-03,374.85,384.55,374.85,384.55,393
2023-02-06,382.8,382.8,380.05,382.2,466
2023-02-07,381.3,381.3,375,376.8,161
2023-02-08,381.2,381.2,375.3,375.3,359
2023-02-09,377.45,380,377.4,378.75,175
2023-02-10,384,384,364.05,375.8,743
2023-02-13,377.9,389.65,377.9,389.65,844
2023-02-14,388,392.55,387.85,387.85,1589
2023-02-15,386.6,392.6,386.6,390,144
2023-02-16,391.6,393.1,389.35,393,205
2023-02-17,385.65,385.75,383.45,384.5,197
2023-02-20,383.8,383.8,380.95,380.95,74
2023-02-21,378.65,385.9,378.2,385.9,148
2023-02-22,384.4,386.95,383.3,386.25,1055
2023-02-23,385.45,389,384.45,384.45,135
2023-02-24,384.6,384.6,373.1,373.25,158
2023-02-27,377.1,378.55,377.1,378.35,105
2023-02-28,377,378,374.35,375.05,262
2023-03-01,376.4,382.9,372,372,275
2023-03-02,368.7,378.25,368.7,378.25,855
2023-03-03,380.05,382.45,378.8,379.8,228
2023-03-06,381.7,381.75,376.75,378.35,130
2023-03-07,378.15,381.5,377.25,377.25,88
2023-03-08,374.3,376.25,372.9,376.25,201
2023-03-09,375.1,377.05,372.95,375.95,740
2023-03-10,370.4,374.45,370.4,374.05,70
2023-03-13,375.4,376.4,369.75,373.15,351
2023-03-14,374.25,377.6,374.25,377.6,24
2023-03-15,376.1,376.1,368.65,371.3,372
2023-03-16,377.1,384.5,373.25,383.7,168
2023-03-17,384.5,384.5,378.65,380.25,212
2023-03-20,384.5,389,384.5,386.95,225
2023-03-21,389.7,389.7,385.6,385.6,412
2023-03-22,388.85,394.5,388.85,393.9,256
2023-03-23,392.5,397.75,392.5,397.55,342
2023-03-24,395,398.8,395,398.15,984
2023-03-27,399.55,402.25,398.8,401.1,197
2023-03-28,402,402,397.85,400.45,452
